SEASON_ID,Player_ID,Game_ID,GAME_DATE,MATCHUP,WL,MIN,FGM,FGA,FG_PCT,FG3M,FG3A,FG3_PCT,FTM,FTA,FT_PCT,OREB,DREB,REB,AST,STL,BLK,TOV,PF,PTS,PLUS_MINUS,VIDEO_AVAILABLE
22022,1627832,0022201206,"APR 07, 2023",TOR @ BOS,L,31,3,11,0.273,2,6,0.333,4,4,1.0,0,0,0,8,2,0,2,3,12,-12,1
22022,1627832,0022201192,"APR 05, 2023",TOR @ BOS,L,37,2,14,0.143,1,12,0.083,2,2,1.0,1,3,4,5,1,1,1,3,7,4,1
22022,1627832,0022201176,"APR 04, 2023",TOR @ CHA,W,27,4,9,0.444,3,5,0.6,5,6,0.833,0,1,1,6,4,1,0,2,16,12,1
22022,1627832,0022201163,"APR 02, 2023",TOR @ CHA,W,38,7,17,0.412,1,8,0.125,5,5,1.0,1,4,5,20,3,0,2,4,20,18,1
22022,1627832,0022201150,"MAR 31, 2023",TOR @ PHI,L,42,5,17,0.294,3,10,0.3,6,7,0.857,0,5,5,6,1,0,6,5,19,8,1
22022,1627832,0022201132,"MAR 28, 2023",TOR vs. MIA,W,35,5,13,0.385,2,9,0.222,0,0,0.0,0,3,3,6,2,1,1,0,12,14,1
22022,1627832,0022201119,"MAR 26, 2023",TOR vs. WAS,W,36,10,21,0.476,5,9,0.556,3,3,1.0,0,4,4,7,3,1,1,1,28,11,1
22022,1627832,0022201099,"MAR 24, 2023",TOR vs. DET,W,29,5,16,0.313,3,10,0.3,5,5,1.0,1,2,3,4,2,0,4,3,18,19,1
22022,1627832,0022201085,"MAR 22, 2023",TOR vs. IND,L,43,7,22,0.318,3,12,0.25,11,12,0.917,0,2,2,11,2,0,5,3,28,-9,1
22022,1627832,0022201068,"MAR 19, 2023",TOR @ MIL,L,38,9,21,0.429,3,8,0.375,2,3,0.667,0,4,4,11,1,0,4,4,23,3,1
22022,1627832,0022201058,"MAR 18, 2023",TOR vs. MIN,W,36,10,18,0.556,3,7,0.429,5,6,0.833,0,3,3,7,2,0,3,3,28,17,1
22022,1627832,0022201044,"MAR 16, 2023",TOR vs. OKC,W,34,8,17,0.471,3,8,0.375,0,0,0.0,0,5,5,6,4,1,3,0,19,11,1
22022,1627832,0022201029,"MAR 14, 2023",TOR vs. DEN,W,38,13,22,0.591,8,12,0.667,2,3,0.667,0,3,3,7,3,0,2,2,36,21,1
22022,1627832,0022201003,"MAR 10, 2023",TOR @ LAL,L,36,3,9,0.333,2,6,0.333,0,0,0.0,0,4,4,10,3,0,4,3,8,5,1
22022,1627832,0022200991,"MAR 08, 2023",TOR @ LAC,L,39,4,12,0.333,3,8,0.375,2,2,1.0,0,4,4,9,3,0,0,4,13,-2,1
22022,1627832,0022200975,"MAR 06, 2023",TOR @ DEN,L,35,5,12,0.417,3,9,0.333,8,8,1.0,0,1,1,14,2,0,5,4,21,-7,1
22022,1627832,0022200956,"MAR 04, 2023",TOR @ WAS,W,40,9,16,0.563,6,11,0.545,1,1,1.0,1,3,4,9,3,2,0,1,25,10,1
22022,1627832,0022200942,"MAR 02, 2023",TOR @ WAS,L,40,5,17,0.294,2,11,0.182,2,2,1.0,0,3,3,8,2,0,2,3,14,15,1
22022,1627832,0022200925,"FEB 28, 2023",TOR vs. CHI,W,35,1,11,0.091,1,9,0.111,0,0,0.0,1,5,6,9,1,0,0,2,3,-4,1
22022,1627832,0022200868,"FEB 14, 2023",TOR vs. ORL,W,35,3,12,0.25,3,9,0.333,1,1,1.0,0,0,0,15,3,1,5,3,10,14,1
22022,1627832,0022200856,"FEB 12, 2023",TOR vs. DET,W,37,12,26,0.462,6,13,0.462,5,7,0.714,0,3,3,8,0,1,1,3,35,-4,1
22022,1627832,0022200839,"FEB 10, 2023",TOR vs. UTA,L,35,4,13,0.308,3,9,0.333,6,7,0.857,1,3,4,4,2,0,3,5,17,-18,1
22022,1627832,0022200826,"FEB 08, 2023",TOR vs. SAS,W,37,5,16,0.313,1,7,0.143,5,5,1.0,0,2,2,4,3,1,4,2,16,20,1
22022,1627832,0022200805,"FEB 05, 2023",TOR @ MEM,W,39,6,19,0.316,2,9,0.222,1,1,1.0,1,4,5,7,0,1,2,1,15,4,1
22022,1627832,0022200789,"FEB 03, 2023",TOR @ HOU,W,37,10,22,0.455,5,11,0.455,7,9,0.778,0,5,5,4,1,0,0,1,32,9,1
22022,1627832,0022200776,"FEB 01, 2023",TOR @ UTA,L,38,12,25,0.48,4,9,0.444,6,6,1.0,2,10,12,10,1,1,3,1,34,2,1
22022,1627832,0022200762,"JAN 30, 2023",TOR @ PHX,L,39,9,19,0.474,2,8,0.25,4,5,0.8,0,4,4,9,1,1,3,6,24,0,1
22022,1627832,0022200751,"JAN 28, 2023",TOR @ POR,W,41,4,13,0.308,2,8,0.25,1,1,1.0,3,3,6,9,4,1,2,4,11,19,1
22022,1627832,0022200740,"JAN 27, 2023",TOR @ GSW,L,40,11,20,0.55,5,10,0.5,1,1,1.0,0,4,4,10,1,1,5,4,28,-10,1
22022,1627832,0022200728,"JAN 25, 2023",TOR @ SAC,W,38,7,16,0.438,2,9,0.222,1,1,1.0,0,4,4,5,4,2,2,2,17,20,1
22022,1627832,0022200700,"JAN 22, 2023",TOR vs. NYK,W,34,8,19,0.421,4,8,0.5,8,8,1.0,0,2,2,3,2,0,1,1,28,6,1
22022,1627832,0022200680,"JAN 19, 2023",TOR @ MIN,L,36,7,13,0.538,4,6,0.667,7,7,1.0,0,1,1,10,2,1,2,3,25,-12,1
22022,1627832,0022200665,"JAN 17, 2023",TOR @ MIL,L,37,15,28,0.536,6,12,0.5,3,3,1.0,1,8,9,7,0,0,1,4,39,-23,1
22022,1627832,0022200659,"JAN 16, 2023",TOR @ NYK,W,45,10,23,0.435,5,13,0.385,8,8,1.0,1,4,5,8,2,2,1,5,33,3,1
22022,1627832,0022200644,"JAN 14, 2023",TOR vs. ATL,L,26,1,9,0.111,1,6,0.167,0,0,0.0,0,6,6,4,0,0,1,2,3,-16,1
22022,1627832,0022200629,"JAN 12, 2023",TOR vs. CHA,W,35,4,8,0.5,1,2,0.5,2,2,1.0,0,5,5,8,2,0,1,4,11,5,1
22022,1627832,0022200613,"JAN 10, 2023",TOR vs. CHA,W,33,3,10,0.3,2,7,0.286,3,3,1.0,1,6,7,8,0,0,3,2,11,6,1
22022,1627832,0022200597,"JAN 08, 2023",TOR vs. POR,W,35,5,12,0.417,4,9,0.444,0,0,0.0,0,6,6,7,0,0,0,4,14,12,1
22022,1627832,0022200582,"JAN 06, 2023",TOR vs. NYK,L,41,9,21,0.429,3,9,0.333,7,9,0.778,0,8,8,7,2,1,1,3,28,10,1
22022,1627832,0022200569,"JAN 04, 2023",TOR vs. MIL,L,47,8,23,0.348,4,14,0.286,8,8,1.0,2,6,8,12,3,0,1,4,28,6,1
22022,1627832,0022200553,"JAN 02, 2023",TOR @ IND,L,36,3,15,0.2,3,12,0.25,0,0,0.0,0,2,2,3,0,2,1,4,9,1,1
22022,1627832,0022200509,"DEC 27, 2022",TOR vs. LAC,L,23,2,6,0.333,0,3,0.0,0,0,0.0,0,2,2,7,1,0,1,1,4,-11,1
22022,1627832,0022200484,"DEC 23, 2022",TOR @ CLE,W,39,5,12,0.417,5,10,0.5,3,3,1.0,1,7,8,4,1,1,2,2,18,15,1
22022,1627832,0022200471,"DEC 21, 2022",TOR @ NYK,W,40,10,24,0.417,4,10,0.4,4,4,1.0,0,1,1,4,3,1,2,3,28,-5,1
22022,1627832,0022200453,"DEC 19, 2022",TOR @ PHI,L,41,3,15,0.2,2,11,0.182,1,1,1.0,1,5,6,3,0,1,2,2,9,6,1
22022,1627832,0022200448,"DEC 18, 2022",TOR vs. GSW,L,35,7,18,0.389,4,10,0.4,4,4,1.0,0,4,4,8,1,0,2,4,22,-27,1
22022,1627832,0022200433,"DEC 16, 2022",TOR vs. BKN,L,43,14,24,0.583,4,9,0.444,7,8,0.875,0,5,5,4,1,1,2,4,39,-1,1
22022,1627832,0022200417,"DEC 14, 2022",TOR vs. SAC,L,38,13,25,0.52,2,8,0.25,11,11,1.0,0,8,8,5,4,1,2,4,39,8,1
22022,1627832,0022200398,"DEC 11, 2022",TOR @ ORL,L,42,4,11,0.364,2,7,0.286,10,12,0.833,1,3,4,7,4,0,1,4,20,-5,1
22022,1627832,0022200379,"DEC 09, 2022",TOR @ ORL,L,37,5,14,0.357,2,9,0.222,7,9,0.778,0,2,2,6,1,1,2,0,19,-15,1
22022,1627832,0022200366,"DEC 07, 2022",TOR vs. LAL,W,30,8,20,0.4,3,12,0.25,6,6,1.0,1,3,4,7,0,0,3,1,25,19,1
22022,1627832,0022200355,"DEC 05, 2022",TOR vs. BOS,L,38,3,14,0.214,1,6,0.167,1,1,1.0,1,6,7,3,0,2,1,3,8,-11,1
22022,1627832,0022200340,"DEC 03, 2022",TOR vs. ORL,W,37,4,11,0.364,3,8,0.375,2,3,0.667,0,2,2,7,3,0,4,4,13,20,1
22022,1627832,0022200329,"DEC 02, 2022",TOR @ BKN,L,41,4,14,0.286,1,7,0.143,1,2,0.5,0,1,1,6,1,0,2,5,10,-6,1
22022,1627832,0022200318,"NOV 30, 2022",TOR @ NOP,L,20,1,8,0.125,0,7,0.0,0,0,0.0,0,6,6,6,1,0,2,2,2,-23,1
22022,1627832,0022200303,"NOV 28, 2022",TOR vs. CLE,W,32,5,15,0.333,3,6,0.5,0,0,0.0,0,2,2,5,1,0,2,2,13,24,1
22022,1627832,0022200286,"NOV 26, 2022",TOR vs. DAL,W,41,7,18,0.389,3,9,0.333,9,10,0.9,1,5,6,7,1,0,3,2,26,12,1
22022,1627832,0022200235,"NOV 19, 2022",TOR @ ATL,L,44,4,18,0.222,1,11,0.091,6,6,1.0,1,1,2,5,0,0,2,3,15,-16,1
22022,1627832,0022200215,"NOV 16, 2022",TOR vs. MIA,W,39,7,21,0.333,3,10,0.3,6,7,0.857,0,1,1,8,0,0,3,5,23,10,1
22022,1627832,0022200179,"NOV 11, 2022",TOR @ OKC,L,29,5,12,0.417,3,7,0.429,2,5,0.4,0,2,2,3,2,0,3,3,15,-22,1
22022,1627832,0022200165,"NOV 09, 2022",TOR vs. HOU,W,35,12,26,0.462,7,16,0.438,1,1,1.0,0,3,3,4,4,1,1,3,32,-1,1
22022,1627832,0022200151,"NOV 07, 2022",TOR @ CHI,L,34,10,19,0.526,6,10,0.6,1,1,1.0,0,3,3,4,2,2,2,1,27,-8,1
22022,1627832,0022200141,"NOV 06, 2022",TOR vs. CHI,W,39,9,22,0.409,5,13,0.385,7,7,1.0,0,5,5,11,0,0,1,1,30,27,1
22022,1627832,0022200073,"OCT 28, 2022",TOR vs. PHI,L,34,0,11,0.0,0,8,0.0,1,3,0.333,1,2,3,5,1,0,1,3,1,-19,1
22022,1627832,0022200059,"OCT 26, 2022",TOR vs. PHI,W,39,5,12,0.417,2,5,0.4,3,3,1.0,0,6,6,8,2,3,2,1,15,8,1
22022,1627832,0022200045,"OCT 24, 2022",TOR @ MIA,W,39,6,16,0.375,4,6,0.667,8,9,0.889,2,2,4,9,1,0,2,1,24,13,1
22022,1627832,0022200031,"OCT 22, 2022",TOR @ MIA,L,39,2,9,0.222,1,6,0.167,2,2,1.0,1,1,2,10,3,0,1,5,7,6,1
22022,1627832,0022200021,"OCT 21, 2022",TOR @ BKN,L,38,7,11,0.636,4,6,0.667,0,0,0.0,1,6,7,9,4,1,0,3,18,3,1
22022,1627832,0022200008,"OCT 19, 2022",TOR vs. CLE,W,39,4,9,0.444,3,6,0.5,4,4,1.0,1,1,2,5,4,0,1,3,15,7,1
22021,1627832,0022101182,"APR 05, 2022",TOR vs. ATL,W,36,4,21,0.19,2,12,0.167,2,3,0.667,0,2,2,9,1,1,3,4,12,-2,1
22021,1627832,0022101172,"APR 03, 2022",TOR vs. MIA,L,41,7,17,0.412,4,11,0.364,11,11,1.0,0,2,2,7,3,0,5,2,29,-10,1
22021,1627832,0022101151,"APR 01, 2022",TOR @ ORL,W,39,7,19,0.368,5,16,0.313,0,0,0.0,1,3,4,3,6,1,3,2,19,30,1
22021,1627832,0022101141,"MAR 30, 2022",TOR vs. MIN,W,32,5,15,0.333,2,7,0.286,0,1,0.0,0,3,3,8,4,2,1,4,12,20,1
22021,1627832,0022101127,"MAR 28, 2022",TOR vs. BOS,W,40,4,13,0.308,3,9,0.333,3,3,1.0,0,5,5,3,3,1,4,3,14,3,1
22021,1627832,0022101109,"MAR 26, 2022",TOR vs. IND,W,17,2,4,0.5,1,2,0.5,0,0,0.0,0,2,2,3,0,0,0,1,5,17,1
22021,1627832,0022101095,"MAR 24, 2022",TOR vs. CLE,W,39,4,9,0.444,2,5,0.4,0,0,0.0,1,4,5,8,1,2,1,2,10,15,1
22021,1627832,0022101076,"MAR 21, 2022",TOR @ CHI,L,37,7,22,0.318,3,12,0.25,2,2,1.0,2,4,6,9,2,0,1,5,19,-9,1
22021,1627832,0022101051,"MAR 18, 2022",TOR vs. LAL,L,47,8,19,0.421,2,9,0.222,2,2,1.0,0,3,3,7,4,0,1,4,20,-5,1
22021,1627832,0022101044,"MAR 16, 2022",TOR @ LAC,W,36,7,17,0.412,3,9,0.333,4,6,0.667,1,1,2,3,1,0,3,2,21,8,1
22021,1627832,0022101028,"MAR 14, 2022",TOR @ LAL,W,40,3,14,0.214,2,12,0.167,3,4,0.75,0,7,7,7,1,0,2,3,11,21,1
22021,1627832,0022101003,"MAR 11, 2022",TOR @ PHX,W,38,3,11,0.273,2,8,0.25,2,2,1.0,0,8,8,4,0,1,5,4,10,-4,1
22021,1627832,0022100989,"MAR 09, 2022",TOR @ SAS,W,34,7,15,0.467,3,8,0.375,9,10,0.9,0,6,6,2,2,0,2,2,26,19,1
22021,1627832,0022100906,"FEB 26, 2022",TOR @ ATL,L,35,8,22,0.364,5,14,0.357,3,3,1.0,0,3,3,9,1,0,2,4,24,-30,1
22021,1627832,0022100896,"FEB 25, 2022",TOR @ CHA,L,29,3,12,0.25,2,7,0.286,0,0,0.0,0,1,1,4,0,2,2,3,8,-40,1
22021,1627832,0022100863,"FEB 14, 2022",TOR @ NOP,L,31,6,15,0.4,4,9,0.444,4,4,1.0,2,3,5,2,1,0,1,1,20,-22,1
22021,1627832,0022100850,"FEB 12, 2022",TOR vs. DEN,L,38,7,14,0.5,6,11,0.545,5,6,0.833,0,5,5,5,1,0,3,1,25,-7,1
22021,1627832,0022100827,"FEB 09, 2022",TOR @ OKC,W,36,7,17,0.412,6,14,0.429,1,1,1.0,0,0,0,6,2,0,3,2,21,17,1
22021,1627832,0022100810,"FEB 07, 2022",TOR @ CHA,W,37,7,14,0.5,6,11,0.545,0,0,0.0,1,4,5,5,1,1,5,2,20,2,1
22021,1627832,0022100790,"FEB 04, 2022",TOR vs. ATL,W,38,10,18,0.556,5,10,0.5,1,1,1.0,0,4,4,11,0,0,3,2,26,11,1
22021,1627832,0022100430,"FEB 03, 2022",TOR vs. CHI,W,42,6,19,0.316,3,9,0.333,6,6,1.0,0,4,4,9,2,0,4,1,21,6,1
22021,1627832,0022100784,"FEB 01, 2022",TOR vs. MIA,W,38,5,11,0.455,2,6,0.333,9,11,0.818,1,3,4,6,3,1,3,3,21,2,1
22021,1627832,0022100767,"JAN 31, 2022",TOR @ ATL,W,39,6,20,0.3,4,10,0.4,0,0,0.0,0,6,6,11,0,1,1,2,16,17,1
22021,1627832,0022100748,"JAN 29, 2022",TOR @ MIA,W,54,7,22,0.318,5,14,0.357,0,0,0.0,1,3,4,8,1,1,5,2,19,1,1
22021,1627832,0022100702,"JAN 23, 2022",TOR vs. POR,L,42,6,19,0.316,4,15,0.267,3,3,1.0,2,3,5,8,5,0,2,5,19,3,1
22021,1627832,0022100689,"JAN 21, 2022",TOR @ WAS,W,39,6,17,0.353,4,11,0.364,5,5,1.0,1,0,1,12,2,2,1,1,21,8,1
22021,1627832,0022100675,"JAN 19, 2022",TOR @ DAL,L,42,4,20,0.2,3,15,0.2,7,8,0.875,1,1,2,12,0,0,3,0,18,-4,1
22021,1627832,0022100662,"JAN 17, 2022",TOR @ MIA,L,41,7,17,0.412,6,16,0.375,2,2,1.0,0,4,4,4,1,0,5,3,22,-3,1
22021,1627832,0022100641,"JAN 15, 2022",TOR @ MIL,W,42,6,17,0.353,3,8,0.375,2,4,0.5,0,4,4,7,3,0,2,5,17,10,1
22021,1627832,0022100633,"JAN 14, 2022",TOR @ DET,L,42,6,21,0.286,6,14,0.429,6,8,0.75,2,3,5,10,2,0,0,2,24,-12,1
22021,1627832,0022100613,"JAN 11, 2022",TOR vs. PHX,L,44,7,18,0.389,4,10,0.4,3,5,0.6,0,2,2,5,2,0,3,5,21,-7,1
22021,1627832,0022100599,"JAN 09, 2022",TOR vs. NOP,W,39,11,27,0.407,8,17,0.471,2,2,1.0,2,2,4,4,2,0,2,0,32,-10,1
22021,1627832,0022100584,"JAN 07, 2022",TOR vs. UTA,W,36,12,22,0.545,4,12,0.333,9,9,1.0,2,8,10,10,2,1,2,1,37,9,1
22021,1627832,0022100573,"JAN 05, 2022",TOR @ MIL,W,39,7,18,0.389,5,10,0.5,0,0,0.0,0,3,3,5,2,1,1,2,19,0,1
22021,1627832,0022100563,"JAN 04, 2022",TOR vs. SAS,W,32,12,23,0.522,7,14,0.5,2,2,1.0,1,1,2,7,2,0,0,1,33,15,1
22021,1627832,0022100545,"JAN 02, 2022",TOR vs. NYK,W,31,11,17,0.647,7,13,0.538,6,6,1.0,0,5,5,5,1,0,0,3,35,16,1
22021,1627832,0022100534,"DEC 31, 2021",TOR vs. LAC,W,39,10,27,0.37,4,13,0.308,7,8,0.875,2,2,4,9,2,1,1,3,31,11,1
22021,1627832,0022100443,"DEC 18, 2021",TOR vs. GSW,W,33,9,17,0.529,6,10,0.6,3,3,1.0,2,5,7,12,3,1,0,0,27,29,1
22021,1627832,0022100413,"DEC 14, 2021",TOR @ BKN,L,47,10,23,0.435,6,14,0.429,5,5,1.0,0,4,4,9,2,0,4,1,31,8,1
22021,1627832,0022100406,"DEC 13, 2021",TOR vs. SAC,W,26,5,12,0.417,2,7,0.286,0,0,0.0,0,3,3,5,2,0,2,2,12,10,1
22021,1627832,0022100385,"DEC 10, 2021",TOR vs. NYK,W,38,4,13,0.308,4,11,0.364,5,5,1.0,2,4,6,11,3,1,3,2,17,13,1
22021,1627832,0022100371,"DEC 08, 2021",TOR vs. OKC,L,39,6,20,0.3,5,13,0.385,2,4,0.5,0,8,8,9,1,0,2,3,19,2,1
22021,1627832,0022100351,"DEC 05, 2021",TOR vs. WAS,W,33,4,12,0.333,2,6,0.333,0,0,0.0,0,0,0,4,0,0,4,5,10,-4,1
22021,1627832,0022100329,"DEC 02, 2021",TOR vs. MIL,W,39,9,17,0.529,5,10,0.5,6,6,1.0,0,5,5,4,0,1,3,4,29,9,1
22021,1627832,0022100315,"NOV 30, 2021",TOR vs. MEM,L,42,6,13,0.462,1,5,0.2,2,2,1.0,0,9,9,3,1,0,4,2,15,-2,1
22021,1627832,0022100302,"NOV 28, 2021",TOR vs. BOS,L,40,8,16,0.5,5,10,0.5,6,7,0.857,1,5,6,3,2,0,3,3,27,-2,1
22021,1627832,0022100284,"NOV 26, 2021",TOR @ IND,L,38,10,21,0.476,4,10,0.4,2,3,0.667,0,5,5,4,1,1,4,5,26,-7,1
22021,1627832,0022100272,"NOV 24, 2021",TOR @ MEM,W,37,9,14,0.643,3,7,0.429,2,2,1.0,1,5,6,7,2,2,4,5,23,18,1
22021,1627832,0022100252,"NOV 21, 2021",TOR @ GSW,L,39,6,18,0.333,3,12,0.25,2,2,1.0,1,3,4,7,1,1,2,4,17,-13,1
22021,1627832,0022100238,"NOV 19, 2021",TOR @ SAC,W,32,5,14,0.357,2,7,0.286,1,1,1.0,2,1,3,6,2,0,7,3,13,23,1
22021,1627832,0022100229,"NOV 18, 2021",TOR @ UTA,L,34,7,17,0.412,3,8,0.375,7,8,0.875,1,3,4,4,3,2,2,2,24,-7,1
22021,1627832,0022100208,"NOV 15, 2021",TOR @ POR,L,40,6,13,0.462,4,8,0.5,0,0,0.0,1,5,6,7,2,1,5,3,16,6,1
22021,1627832,0022100171,"NOV 11, 2021",TOR @ PHI,W,40,11,22,0.5,6,11,0.545,4,4,1.0,0,6,6,7,1,0,1,4,32,14,1
22021,1627832,0022100160,"NOV 10, 2021",TOR @ BOS,L,36,5,14,0.357,4,9,0.444,2,2,1.0,0,3,3,6,3,1,2,1,16,-9,1
22021,1627832,0022100139,"NOV 07, 2021",TOR vs. BKN,L,41,6,14,0.429,3,8,0.375,6,6,1.0,1,3,4,8,1,1,1,0,21,-11,1
22021,1627832,0022100127,"NOV 05, 2021",TOR vs. CLE,L,37,6,18,0.333,4,8,0.5,2,3,0.667,0,6,6,6,1,0,3,2,18,-3,1
22021,1627832,0022100112,"NOV 03, 2021",TOR @ WAS,W,43,13,22,0.591,3,6,0.5,4,4,1.0,0,3,3,6,1,1,2,1,33,15,1
22021,1627832,0022100099,"NOV 01, 2021",TOR @ NYK,W,37,7,16,0.438,3,8,0.375,0,0,0.0,0,9,9,8,2,0,1,1,17,0,1
22021,1627832,0022100081,"OCT 30, 2021",TOR @ IND,W,39,6,14,0.429,2,7,0.286,2,3,0.667,0,6,6,4,2,1,4,2,16,9,1
22021,1627832,0022100071,"OCT 29, 2021",TOR vs. ORL,W,40,7,16,0.438,3,10,0.3,2,3,0.667,0,1,1,6,0,0,1,3,19,0,1
22021,1627832,0022100058,"OCT 27, 2021",TOR vs. IND,W,37,10,18,0.556,6,7,0.857,0,0,0.0,4,6,10,6,1,0,3,3,26,20,1
22021,1627832,0022100046,"OCT 25, 2021",TOR vs. CHI,L,43,6,13,0.462,1,4,0.25,2,2,1.0,2,4,6,17,2,0,8,2,15,-8,1
22021,1627832,0022100029,"OCT 23, 2021",TOR vs. DAL,L,39,8,17,0.471,2,9,0.222,2,5,0.4,0,5,5,5,1,0,3,4,20,5,1
22021,1627832,0022100020,"OCT 22, 2021",TOR @ BOS,W,37,3,10,0.3,2,5,0.4,3,3,1.0,2,2,4,9,3,1,4,2,11,25,1
22021,1627832,0022100006,"OCT 20, 2021",TOR vs. WAS,L,35,5,20,0.25,1,9,0.111,1,1,1.0,1,2,3,4,2,1,3,1,12,-22,1
22020,1627832,0022000997,"MAY 06, 2021",TOR vs. WAS,L,45,7,25,0.28,4,12,0.333,4,4,1.0,2,4,6,5,2,0,1,2,22,-3,1
22020,1627832,0022000989,"MAY 04, 2021",TOR @ LAC,L,41,10,24,0.417,5,14,0.357,2,3,0.667,0,2,2,13,2,1,3,2,27,1,1
22020,1627832,0022000965,"MAY 01, 2021",TOR @ UTA,L,40,11,25,0.44,4,11,0.364,4,4,1.0,2,4,6,7,2,0,0,1,30,0,1
22020,1627832,0022000930,"APR 27, 2021",TOR vs. BKN,L,42,4,17,0.235,3,12,0.25,0,0,0.0,0,6,6,5,0,0,2,1,11,-17,1
22020,1627832,0022000921,"APR 26, 2021",TOR vs. CLE,W,32,3,10,0.3,1,5,0.2,1,2,0.5,0,5,5,6,1,0,0,0,8,14,1
22020,1627832,0022000904,"APR 24, 2021",TOR @ NYK,L,40,10,20,0.5,5,10,0.5,2,2,1.0,0,5,5,11,2,0,0,4,27,-3,1
22020,1627832,0022000884,"APR 21, 2021",TOR vs. BKN,W,35,5,13,0.385,5,10,0.5,2,2,1.0,0,3,3,5,1,0,1,2,17,11,1
22020,1627832,0022000849,"APR 16, 2021",TOR vs. ORL,W,23,3,11,0.273,0,6,0.0,0,0,0.0,0,1,1,6,1,2,2,2,6,0,1
22020,1627832,0022000737,"APR 02, 2021",TOR vs. GSW,W,19,2,5,0.4,1,3,0.333,2,2,1.0,0,1,1,3,0,1,1,0,7,17,1
22020,1627832,0022000727,"MAR 31, 2021",TOR @ OKC,L,39,5,17,0.294,3,10,0.3,5,6,0.833,0,4,4,7,5,4,2,3,18,-9,1
22020,1627832,0022000711,"MAR 29, 2021",TOR @ DET,L,33,7,20,0.35,4,10,0.4,4,7,0.571,2,3,5,1,0,0,3,1,22,-9,1
22020,1627832,0022000704,"MAR 28, 2021",TOR vs. POR,L,38,7,19,0.368,2,10,0.2,4,5,0.8,1,4,5,8,1,0,1,2,20,5,1
22020,1627832,0022000684,"MAR 26, 2021",TOR vs. PHX,L,39,8,18,0.444,6,15,0.4,0,0,0.0,0,4,4,3,1,0,3,3,22,5,1
22020,1627832,0022000668,"MAR 24, 2021",TOR vs. DEN,W,30,5,12,0.417,5,9,0.556,4,4,1.0,0,0,0,2,0,0,0,1,19,6,1
22020,1627832,0022000657,"MAR 22, 2021",TOR @ HOU,L,41,9,17,0.529,4,11,0.364,5,5,1.0,1,7,8,2,4,0,3,2,27,-3,1
22020,1627832,0022000648,"MAR 21, 2021",TOR @ CLE,L,41,8,24,0.333,5,15,0.333,2,2,1.0,0,1,1,7,2,2,2,3,23,4,1
22020,1627832,0022000634,"MAR 19, 2021",TOR vs. UTA,L,41,6,15,0.4,2,8,0.25,3,3,1.0,1,5,6,9,2,0,1,4,17,1,1
22020,1627832,0022000616,"MAR 17, 2021",TOR @ DET,L,32,2,13,0.154,1,7,0.143,7,8,0.875,0,1,1,4,3,0,1,3,12,7,1
22020,1627832,0022000506,"FEB 26, 2021",TOR vs. HOU,W,38,6,23,0.261,5,11,0.455,8,8,1.0,1,3,4,4,3,0,2,3,25,4,1
22020,1627832,0022000492,"FEB 24, 2021",TOR @ MIA,L,39,6,13,0.462,5,11,0.455,7,8,0.875,0,4,4,7,0,0,1,4,24,-7,1
22020,1627832,0022000484,"FEB 23, 2021",TOR vs. PHI,L,37,4,14,0.286,2,5,0.4,2,3,0.667,0,8,8,8,2,4,1,2,12,-10,1
22020,1627832,0022000468,"FEB 21, 2021",TOR vs. PHI,W,38,7,15,0.467,5,10,0.5,4,5,0.8,1,4,5,9,1,1,0,3,23,-3,1
22020,1627832,0022000454,"FEB 19, 2021",TOR @ MIN,W,37,4,20,0.2,2,9,0.222,2,2,1.0,1,6,7,3,3,2,5,4,12,17,1
22020,1627832,0022000445,"FEB 18, 2021",TOR @ MIL,W,40,5,15,0.333,3,8,0.375,4,4,1.0,0,5,5,8,1,1,2,4,17,11,1
22020,1627832,0022000430,"FEB 16, 2021",TOR @ MIL,W,39,12,22,0.545,5,12,0.417,4,6,0.667,1,3,4,7,2,0,4,3,33,16,1
22020,1627832,0022000413,"FEB 14, 2021",TOR vs. MIN,L,38,8,21,0.381,4,12,0.333,2,2,1.0,0,3,3,6,0,0,1,3,22,-15,1
22020,1627832,0022000398,"FEB 11, 2021",TOR @ BOS,L,37,2,9,0.222,1,4,0.25,0,0,0.0,0,3,3,11,2,2,3,1,5,-17,1
22020,1627832,0022000382,"FEB 10, 2021",TOR @ WAS,W,34,5,10,0.5,2,5,0.4,2,2,1.0,0,4,4,7,0,0,4,4,14,27,1
22020,1627832,0022000369,"FEB 08, 2021",TOR @ MEM,W,39,8,14,0.571,4,7,0.571,12,12,1.0,0,3,3,9,3,0,5,3,32,14,1
22020,1627832,0022000356,"FEB 06, 2021",TOR @ ATL,L,39,6,18,0.333,3,7,0.429,10,11,0.909,2,4,6,10,2,0,2,4,25,-1,1
22020,1627832,0022000345,"FEB 05, 2021",TOR @ BKN,W,38,4,16,0.25,1,9,0.111,2,2,1.0,1,3,4,4,2,2,1,2,11,1,1
22020,1627832,0022000323,"FEB 02, 2021",TOR @ ORL,W,37,17,23,0.739,11,14,0.786,9,9,1.0,0,3,3,2,3,3,1,2,54,20,1
22020,1627832,0022000309,"JAN 31, 2021",TOR vs. ORL,W,31,4,12,0.333,1,7,0.143,0,0,0.0,0,2,2,5,1,0,4,2,9,17,1
22020,1627832,0022000292,"JAN 29, 2021",TOR vs. SAC,L,36,7,16,0.438,3,7,0.429,9,10,0.9,1,4,5,6,4,0,1,3,26,9,1
22020,1627832,0022000277,"JAN 27, 2021",TOR vs. MIL,L,38,3,17,0.176,2,11,0.182,2,2,1.0,0,5,5,10,4,3,2,1,10,1,1
22020,1627832,0022000258,"JAN 25, 2021",TOR @ IND,L,35,11,21,0.524,3,5,0.6,0,1,0.0,2,2,4,6,2,1,0,1,25,-16,1
22020,1627832,0022000249,"JAN 24, 2021",TOR @ IND,W,41,6,15,0.4,4,9,0.444,5,5,1.0,0,5,5,4,3,1,3,3,21,12,1
22020,1627832,0022000234,"JAN 22, 2021",TOR vs. MIA,W,38,4,14,0.286,1,6,0.167,4,5,0.8,1,4,5,7,2,0,2,1,13,21,1
22020,1627832,0022000220,"JAN 20, 2021",TOR vs. MIA,L,37,7,18,0.389,3,8,0.375,7,8,0.875,2,3,5,9,1,0,2,3,24,-4,1
22020,1627832,0022000210,"JAN 18, 2021",TOR vs. DAL,W,34,2,10,0.2,1,6,0.167,1,1,1.0,0,4,4,6,4,0,2,3,6,18,1
22020,1627832,0022000191,"JAN 16, 2021",TOR vs. CHA,W,36,4,16,0.25,3,10,0.3,4,4,1.0,0,7,7,10,0,1,1,3,15,7,1
22020,1627832,0022000175,"JAN 14, 2021",TOR vs. CHA,W,36,6,20,0.3,5,15,0.333,0,0,0.0,0,1,1,8,0,0,4,1,17,-5,1
22020,1627832,0022000155,"JAN 11, 2021",TOR @ POR,L,37,4,13,0.308,2,7,0.286,0,0,0.0,0,0,0,6,1,0,3,1,10,-2,1
22020,1627832,0022000148,"JAN 10, 2021",TOR @ GSW,L,39,9,20,0.45,3,10,0.3,0,0,0.0,2,3,5,5,0,1,1,3,21,1,1
22020,1627832,0022000132,"JAN 08, 2021",TOR @ SAC,W,33,13,22,0.591,5,9,0.556,3,3,1.0,1,2,3,7,1,0,3,1,34,13,1
22020,1627832,0022000115,"JAN 06, 2021",TOR @ PHX,L,39,5,12,0.417,2,5,0.4,1,2,0.5,1,3,4,7,2,1,1,3,13,5,1
22020,1627832,0022000097,"JAN 04, 2021",TOR vs. BOS,L,33,13,20,0.65,6,9,0.667,3,4,0.75,1,7,8,3,2,0,2,2,35,-9,1
22020,1627832,0022000084,"JAN 02, 2021",TOR @ NOP,L,40,9,23,0.391,4,13,0.308,5,5,1.0,2,6,8,5,1,1,0,3,27,3,1
22020,1627832,0022000066,"DEC 31, 2020",TOR vs. NYK,W,36,9,19,0.474,4,9,0.444,3,3,1.0,1,4,5,7,1,1,1,0,25,21,1
22020,1627832,0022000049,"DEC 29, 2020",TOR @ PHI,L,37,3,12,0.25,2,8,0.25,0,0,0.0,1,5,6,6,1,2,3,2,8,-15,1
22020,1627832,0022000027,"DEC 26, 2020",TOR @ SAS,L,35,10,20,0.5,5,12,0.417,2,3,0.667,0,3,3,9,1,0,1,1,27,-2,1
22020,1627832,0022000014,"DEC 23, 2020",TOR vs. NOP,L,30,3,12,0.25,2,8,0.25,1,2,0.5,1,2,3,3,3,0,1,4,9,-18,1
22019,1627832,0021901305,"AUG 12, 2020",TOR @ PHI,W,26,3,11,0.273,1,3,0.333,3,3,1.0,0,2,2,6,0,0,0,1,10,-11,1
22019,1627832,0021901286,"AUG 09, 2020",TOR vs. MEM,W,35,4,7,0.571,1,3,0.333,5,6,0.833,0,3,3,5,4,2,3,4,14,8,1
22019,1627832,0021901279,"AUG 07, 2020",TOR vs. BOS,L,31,4,14,0.286,1,6,0.167,4,6,0.667,0,4,4,4,2,1,1,1,13,-22,1
22019,1627832,0021901266,"AUG 05, 2020",TOR @ ORL,W,35,8,13,0.615,2,5,0.4,3,4,0.75,0,4,4,10,1,0,0,2,21,11,1
22019,1627832,0021901250,"AUG 03, 2020",TOR @ MIA,W,42,8,16,0.5,7,12,0.583,13,13,1.0,0,5,5,4,1,0,4,3,36,1,1
22019,1627832,0021901243,"AUG 01, 2020",TOR vs. LAL,W,40,5,11,0.455,3,7,0.429,0,0,0.0,0,5,5,11,1,1,3,3,13,26,1
22019,1627832,0021900858,"FEB 25, 2020",TOR vs. MIL,L,37,5,14,0.357,3,9,0.333,1,1,1.0,0,2,2,1,1,0,3,5,14,-14,1
22019,1627832,0021900843,"FEB 23, 2020",TOR vs. IND,W,26,3,12,0.25,2,9,0.222,0,0,0.0,0,3,3,3,2,0,1,4,8,31,1
22019,1627832,0021900829,"FEB 21, 2020",TOR vs. PHX,W,36,6,13,0.462,2,7,0.286,0,0,0.0,0,7,7,7,2,0,2,4,14,18,1
22019,1627832,0021900809,"FEB 12, 2020",TOR @ BKN,L,39,8,19,0.421,4,10,0.4,2,2,1.0,0,2,2,1,1,0,3,1,22,-12,1
22019,1627832,0021900796,"FEB 10, 2020",TOR vs. MIN,W,37,5,13,0.385,2,7,0.286,4,4,1.0,0,2,2,7,3,0,4,2,16,21,1
22019,1627832,0021900781,"FEB 08, 2020",TOR vs. BKN,W,33,11,20,0.55,4,9,0.444,3,3,1.0,0,2,2,6,0,0,3,4,29,-1,1
22019,1627832,0021900772,"FEB 07, 2020",TOR @ IND,W,41,6,14,0.429,3,7,0.429,5,5,1.0,0,3,3,7,2,0,3,1,20,9,1
22019,1627832,0021900758,"FEB 05, 2020",TOR vs. IND,W,37,4,10,0.4,2,5,0.4,0,0,0.0,0,3,3,7,3,0,1,3,10,-4,1
22019,1627832,0021900740,"FEB 02, 2020",TOR vs. CHI,W,32,5,11,0.455,2,6,0.333,0,0,0.0,2,2,4,8,1,0,3,3,12,17,1
22019,1627832,0021900720,"JAN 31, 2020",TOR @ DET,W,35,7,11,0.636,2,4,0.5,0,1,0.0,0,8,8,9,2,0,1,3,16,15,1
22019,1627832,0021900714,"JAN 30, 2020",TOR @ CLE,W,37,3,13,0.231,2,7,0.286,0,0,0.0,3,4,7,12,1,0,2,2,8,-5,1
22019,1627832,0021900703,"JAN 28, 2020",TOR vs. ATL,W,29,8,16,0.5,3,7,0.429,0,0,0.0,0,1,1,3,1,0,2,2,19,6,1
22019,1627832,0021900686,"JAN 26, 2020",TOR @ SAS,W,40,4,15,0.267,3,10,0.3,2,2,1.0,1,3,4,7,4,1,0,3,13,8,1
22019,1627832,0021900672,"JAN 24, 2020",TOR @ NYK,W,39,6,12,0.5,3,7,0.429,1,2,0.5,0,0,0,9,1,0,0,2,16,3,1
22019,1627832,0021900660,"JAN 22, 2020",TOR vs. PHI,W,42,8,17,0.471,6,7,0.857,0,1,0.0,2,3,5,8,1,0,3,4,22,2,1
22019,1627832,0021900640,"JAN 20, 2020",TOR @ ATL,W,26,4,11,0.364,1,4,0.25,11,14,0.786,1,3,4,2,3,0,1,2,20,-6,1
22019,1627832,0021900632,"JAN 18, 2020",TOR @ MIN,W,29,11,16,0.688,7,8,0.875,0,0,0.0,0,3,3,2,4,0,1,4,29,20,1
22019,1627832,0021900524,"JAN 04, 2020",TOR @ BKN,W,36,11,19,0.579,5,8,0.625,2,5,0.4,0,4,4,11,0,1,1,3,29,9,1
22019,1627832,0021900510,"JAN 02, 2020",TOR @ MIA,L,39,3,16,0.188,1,11,0.091,0,0,0.0,1,3,4,6,1,0,1,0,7,-11,1
22019,1627832,0021900500,"DEC 31, 2019",TOR vs. CLE,W,30,4,14,0.286,3,8,0.375,1,2,0.5,1,3,4,7,0,4,4,5,12,12,1
22019,1627832,0021900486,"DEC 29, 2019",TOR vs. OKC,L,38,7,18,0.389,4,8,0.5,2,2,1.0,0,3,3,8,0,1,1,3,20,3,1
22019,1627832,0021900473,"DEC 28, 2019",TOR @ BOS,W,37,5,19,0.263,4,9,0.444,4,5,0.8,1,2,3,5,5,1,3,2,18,16,1
22019,1627832,0021900455,"DEC 25, 2019",TOR vs. BOS,L,37,11,21,0.524,2,5,0.4,3,3,1.0,0,4,4,6,4,0,4,1,27,-17,1
22019,1627832,0021900446,"DEC 23, 2019",TOR @ IND,L,41,8,18,0.444,1,8,0.125,4,4,1.0,1,2,3,11,3,2,5,2,21,-13,1
22019,1627832,0021900439,"DEC 22, 2019",TOR vs. DAL,W,28,2,13,0.154,1,7,0.143,5,6,0.833,1,2,3,1,1,0,4,1,10,-20,1
22019,1627832,0021900423,"DEC 20, 2019",TOR vs. WAS,W,34,6,18,0.333,1,4,0.25,5,7,0.714,0,9,9,8,1,0,2,1,18,5,1
22019,1627832,0021900338,"DEC 08, 2019",TOR @ PHI,L,12,0,1,0.0,0,1,0.0,2,2,1.0,0,1,1,2,1,0,1,0,2,0,1
22019,1627832,0021900318,"DEC 05, 2019",TOR vs. HOU,L,38,7,13,0.538,3,7,0.429,3,4,0.75,0,6,6,5,3,1,2,4,20,-2,1
22019,1627832,0021900301,"DEC 03, 2019",TOR vs. MIA,L,43,5,16,0.313,3,9,0.333,6,7,0.857,0,1,1,6,3,0,1,3,19,-15,1
22019,1627832,0021900291,"DEC 01, 2019",TOR vs. UTA,W,32,6,10,0.6,5,7,0.714,4,4,1.0,0,5,5,11,1,0,0,4,21,19,1
22019,1627832,0021900269,"NOV 29, 2019",TOR @ ORL,W,41,7,20,0.35,5,12,0.417,3,5,0.6,1,4,5,4,7,0,3,1,22,9,1
22019,1627832,0021900258,"NOV 27, 2019",TOR vs. NYK,W,30,5,9,0.556,2,5,0.4,3,4,0.75,0,3,3,4,0,0,3,2,15,3,1
22019,1627832,0021900246,"NOV 25, 2019",TOR vs. PHI,W,38,9,15,0.6,3,6,0.5,3,4,0.75,0,3,3,8,2,0,3,3,24,7,1
22019,1627832,0021900228,"NOV 23, 2019",TOR @ ATL,W,43,7,21,0.333,2,9,0.222,9,9,1.0,1,2,3,9,1,0,5,1,25,11,1
22019,1627832,0021900207,"NOV 20, 2019",TOR vs. ORL,W,35,10,19,0.526,1,5,0.2,3,4,0.75,0,1,1,7,2,0,3,2,24,8,1
22019,1627832,0021900191,"NOV 18, 2019",TOR vs. CHA,W,31,3,12,0.25,2,6,0.333,3,4,0.75,1,3,4,8,5,0,2,2,11,19,1
22019,1627832,0021900180,"NOV 16, 2019",TOR @ DAL,L,39,8,18,0.444,4,11,0.364,4,4,1.0,0,5,5,7,1,0,3,3,24,-22,1
22019,1627832,0021900160,"NOV 13, 2019",TOR @ POR,W,40,10,16,0.625,4,6,0.667,6,6,1.0,0,4,4,7,2,1,2,4,30,8,1
22019,1627832,0021900145,"NOV 11, 2019",TOR @ LAC,L,45,6,20,0.3,1,6,0.167,1,2,0.5,0,2,2,8,3,0,3,3,14,-14,1
22019,1627832,0021900139,"NOV 10, 2019",TOR @ LAL,W,39,8,18,0.444,4,9,0.444,3,4,0.75,0,7,7,10,2,0,3,1,23,-6,1
22019,1627832,0021900121,"NOV 08, 2019",TOR @ NOP,W,36,3,15,0.2,3,10,0.3,3,4,0.75,0,5,5,11,3,0,3,3,12,14,1
22019,1627832,0021900106,"NOV 06, 2019",TOR vs. SAC,W,35,3,9,0.333,2,3,0.667,4,4,1.0,0,2,2,5,1,0,1,0,12,7,1
22019,1627832,0021900082,"NOV 02, 2019",TOR @ MIL,L,41,2,10,0.2,2,5,0.4,6,6,1.0,0,6,6,7,0,0,1,5,12,-14,1
22019,1627832,0021900060,"OCT 30, 2019",TOR vs. DET,W,30,5,9,0.556,1,3,0.333,2,2,1.0,0,1,1,11,1,0,1,3,13,21,1
22019,1627832,0021900044,"OCT 28, 2019",TOR vs. ORL,W,39,3,14,0.214,1,7,0.143,7,7,1.0,0,5,5,6,2,0,3,0,14,8,1
22019,1627832,0021900031,"OCT 26, 2019",TOR @ CHI,W,31,5,14,0.357,3,8,0.375,3,3,1.0,0,4,4,6,1,0,3,3,16,28,1
22019,1627832,0021900017,"OCT 25, 2019",TOR @ BOS,L,42,2,11,0.182,2,5,0.4,2,2,1.0,1,4,5,6,1,1,4,4,8,-8,1
22019,1627832,0021900001,"OCT 22, 2019",TOR vs. NOP,W,44,12,18,0.667,5,7,0.714,5,6,0.833,0,5,5,7,2,0,2,0,34,18,1
22018,1627832,0021801214,"APR 09, 2019",TOR @ MIN,W,27,6,12,0.5,2,5,0.4,2,2,1.0,0,2,2,4,3,0,1,1,16,4,1
22018,1627832,0021801195,"APR 07, 2019",TOR vs. MIA,W,22,1,8,0.125,1,6,0.167,0,0,0.0,0,1,1,5,1,0,1,0,3,1,1
22018,1627832,0021801180,"APR 05, 2019",TOR @ CHA,L,31,4,8,0.5,1,2,0.5,3,4,0.75,0,3,3,5,0,2,3,1,12,-4,1
22018,1627832,0021801169,"APR 03, 2019",TOR @ BKN,W,26,2,8,0.25,2,4,0.5,1,2,0.5,0,3,3,3,1,0,0,3,7,2,1
22018,1627832,0021801156,"APR 01, 2019",TOR vs. ORL,W,27,3,6,0.5,2,4,0.5,2,2,1.0,0,0,0,7,2,2,2,1,10,16,1
22018,1627832,0021801142,"MAR 30, 2019",TOR @ CHI,W,33,9,15,0.6,3,8,0.375,2,2,1.0,0,4,4,6,1,0,2,2,23,30,1
22018,1627832,0021801125,"MAR 28, 2019",TOR @ NYK,W,32,4,13,0.308,4,8,0.5,0,0,0.0,0,3,3,8,1,2,0,2,12,27,1
22018,1627832,0021801110,"MAR 26, 2019",TOR vs. CHI,W,26,1,6,0.167,1,3,0.333,4,4,1.0,0,3,3,5,0,0,2,0,7,16,1
22018,1627832,0021801098,"MAR 24, 2019",TOR vs. CHA,L,31,5,9,0.556,2,4,0.5,0,0,0.0,0,5,5,3,0,0,0,2,12,1,1
22018,1627832,0021801083,"MAR 22, 2019",TOR vs. OKC,L,36,3,11,0.273,0,3,0.0,2,2,1.0,1,1,2,5,0,1,0,1,8,-5,1
22018,1627832,0021801072,"MAR 20, 2019",TOR @ OKC,W,40,8,16,0.5,3,8,0.375,4,4,1.0,0,0,0,6,2,0,3,3,23,6,1
22018,1627832,0021801053,"MAR 18, 2019",TOR vs. NYK,W,28,5,9,0.556,2,4,0.5,1,1,1.0,0,2,2,12,1,1,1,1,13,33,1
22018,1627832,0021801044,"MAR 17, 2019",TOR @ DET,L,31,6,10,0.6,4,5,0.8,1,2,0.5,0,1,1,4,0,0,2,3,17,-4,2
22018,1627832,0021800828,"FEB 09, 2019",TOR @ NYK,W,20,1,5,0.2,1,3,0.333,2,2,1.0,0,1,1,6,0,0,3,1,5,-7,1
22018,1627832,0021800813,"FEB 07, 2019",TOR @ ATL,W,37,11,22,0.5,4,11,0.364,4,5,0.8,0,5,5,6,0,0,1,2,30,32,1
22018,1627832,0021800800,"FEB 05, 2019",TOR @ PHI,W,25,1,4,0.25,1,2,0.5,0,0,0.0,0,1,1,2,2,0,0,0,3,10,1
22018,1627832,0021800789,"FEB 03, 2019",TOR vs. LAC,W,26,4,10,0.4,1,4,0.25,0,0,0.0,1,4,5,7,3,0,2,3,9,11,1
22018,1627832,0021800766,"JAN 31, 2019",TOR vs. MIL,L,30,4,9,0.444,2,4,0.5,0,0,0.0,0,2,2,3,1,0,1,3,10,3,1
22018,1627832,0021800739,"JAN 27, 2019",TOR @ DAL,W,21,4,9,0.444,3,4,0.75,2,2,1.0,0,1,1,6,0,0,0,1,13,-7,1
22018,1627832,0021800724,"JAN 25, 2019",TOR @ HOU,L,21,3,9,0.333,0,3,0.0,2,2,1.0,1,3,4,4,0,0,2,1,8,-2,1
22018,1627832,0021800706,"JAN 23, 2019",TOR @ IND,L,37,5,14,0.357,2,6,0.333,2,2,1.0,0,2,2,3,0,0,2,3,14,-9,1
22018,1627832,0021800702,"JAN 22, 2019",TOR vs. SAC,W,32,6,10,0.6,3,6,0.5,4,5,0.8,1,6,7,7,1,1,2,3,19,7,1
22018,1627832,0021800684,"JAN 19, 2019",TOR vs. MEM,W,26,1,8,0.125,1,4,0.25,1,1,1.0,1,1,2,7,2,1,1,1,4,26,1
22018,1627832,0021800668,"JAN 17, 2019",TOR vs. PHX,W,31,6,11,0.545,1,3,0.333,2,2,1.0,0,2,2,4,0,1,0,3,15,-7,1
22018,1627832,0021800658,"JAN 16, 2019",TOR @ BOS,L,18,0,3,0.0,0,2,0.0,0,0,0.0,1,1,2,2,1,0,1,1,0,-3,1
22018,1627832,0021800624,"JAN 11, 2019",TOR vs. BKN,W,19,3,8,0.375,3,5,0.6,1,2,0.5,0,2,2,6,1,0,1,2,10,17,1
22018,1627832,0021800602,"JAN 08, 2019",TOR vs. ATL,W,34,1,6,0.167,1,4,0.25,6,6,1.0,0,5,5,4,2,0,4,3,9,2,1
22018,1627832,0021800589,"JAN 06, 2019",TOR vs. IND,W,35,3,10,0.3,1,6,0.167,5,6,0.833,0,2,2,8,0,0,1,2,12,9,1
22018,1627832,0021800580,"JAN 05, 2019",TOR @ MIL,W,35,6,12,0.5,5,8,0.625,4,4,1.0,0,5,5,8,0,1,0,4,21,17,1
22018,1627832,0021800563,"JAN 03, 2019",TOR @ SAS,L,28,5,11,0.455,1,6,0.167,1,1,1.0,1,4,5,2,0,0,1,3,12,-9,1
22018,1627832,0021800549,"JAN 01, 2019",TOR vs. UTA,W,32,3,5,0.6,1,2,0.5,1,2,0.5,0,4,4,5,0,0,2,1,8,12,1
22018,1627832,0021800538,"DEC 30, 2018",TOR vs. CHI,W,33,3,12,0.25,2,7,0.286,2,2,1.0,1,4,5,7,1,0,2,2,10,-2,1
22018,1627832,0021800519,"DEC 28, 2018",TOR @ ORL,L,23,3,12,0.25,2,6,0.333,3,4,0.75,0,1,1,2,1,1,0,1,11,-13,1
22018,1627832,0021800506,"DEC 26, 2018",TOR @ MIA,W,38,5,12,0.417,4,8,0.5,2,2,1.0,0,1,1,2,0,0,1,2,16,1,1
22018,1627832,0021800481,"DEC 22, 2018",TOR @ PHI,L,28,5,14,0.357,2,6,0.333,0,0,0.0,0,2,2,3,1,0,1,2,12,-18,1
22018,1627832,0021800470,"DEC 21, 2018",TOR vs. CLE,W,38,6,10,0.6,1,2,0.5,1,1,1.0,1,4,5,8,2,1,0,2,14,19,1
22018,1627832,0021800459,"DEC 19, 2018",TOR vs. IND,W,31,4,17,0.235,3,11,0.273,0,0,0.0,0,2,2,1,2,2,0,1,11,4,1
22018,1627832,0021800427,"DEC 14, 2018",TOR @ POR,L,38,7,11,0.636,3,5,0.6,4,5,0.8,0,4,4,8,0,0,4,2,21,3,1
22018,1627832,0021800415,"DEC 12, 2018",TOR @ GSW,W,28,4,8,0.5,2,3,0.667,0,0,0.0,1,2,3,2,3,0,0,1,10,10,1
22018,1627832,0021800404,"DEC 11, 2018",TOR @ LAC,W,29,2,5,0.4,1,2,0.5,0,0,0.0,2,4,6,14,0,1,2,0,5,21,1
22018,1627832,0021800388,"DEC 09, 2018",TOR vs. MIL,L,27,7,12,0.583,5,7,0.714,0,0,0.0,0,2,2,2,1,0,0,3,19,3,1
22018,1627832,0021800371,"DEC 07, 2018",TOR @ BKN,L,27,2,7,0.286,2,6,0.333,2,2,1.0,0,1,1,3,1,0,0,0,8,-6,1
22018,1627832,0021800359,"DEC 05, 2018",TOR vs. PHI,W,19,2,7,0.286,1,3,0.333,0,0,0.0,0,1,1,1,1,0,1,1,5,7,1
22018,1627832,0021800347,"DEC 03, 2018",TOR vs. DEN,L,18,1,7,0.143,0,5,0.0,0,0,0.0,0,2,2,4,3,0,2,0,2,-2,1
22018,1627832,0021800332,"DEC 01, 2018",TOR @ CLE,W,33,5,12,0.417,1,4,0.25,4,4,1.0,0,3,3,4,1,0,2,3,15,14,1
22018,1627832,0021800316,"NOV 29, 2018",TOR vs. GSW,W,15,0,3,0.0,0,3,0.0,0,0,0.0,0,1,1,3,0,0,2,2,0,-13,1
22018,1627832,0021800303,"NOV 27, 2018",TOR @ MEM,W,22,6,6,1.0,3,3,1.0,3,4,0.75,1,1,2,3,3,0,1,3,18,8,1
22018,1627832,0021800290,"NOV 25, 2018",TOR vs. MIA,W,19,4,6,0.667,1,2,0.5,1,2,0.5,0,2,2,4,1,1,3,0,10,-7,1
22018,1627832,0021800271,"NOV 23, 2018",TOR vs. WAS,W,23,4,7,0.571,3,5,0.6,2,2,1.0,1,3,4,7,0,0,1,0,13,23,1
22018,1627832,0021800254,"NOV 21, 2018",TOR @ ATL,W,36,5,11,0.455,1,3,0.333,0,0,0.0,0,1,1,6,0,0,1,1,11,15,1
22018,1627832,0021800248,"NOV 20, 2018",TOR @ ORL,W,26,1,5,0.2,0,1,0.0,2,2,1.0,0,2,2,5,1,0,1,1,4,6,1
22018,1627832,0021800230,"NOV 17, 2018",TOR @ CHI,W,29,7,11,0.636,4,7,0.571,0,0,0.0,2,2,4,4,1,1,1,2,18,31,1
22018,1627832,0021800216,"NOV 16, 2018",TOR @ BOS,L,22,0,6,0.0,0,6,0.0,0,0,0.0,1,0,1,2,1,0,1,2,0,-21,1
22018,1627832,0021800206,"NOV 14, 2018",TOR vs. DET,L,23,2,8,0.25,0,2,0.0,0,0,0.0,1,1,2,5,1,0,0,1,4,-16,1
22018,1627832,0021800192,"NOV 12, 2018",TOR vs. NOP,L,22,4,8,0.5,2,4,0.5,0,0,0.0,0,0,0,3,2,0,0,0,10,-12,1
22018,1627832,0021800174,"NOV 10, 2018",TOR vs. NYK,W,22,3,7,0.429,1,3,0.333,0,0,0.0,1,3,4,4,0,0,1,3,7,14,1
22018,1627832,0021800161,"NOV 07, 2018",TOR @ SAC,W,21,3,9,0.333,2,6,0.333,0,0,0.0,0,1,1,2,2,0,0,3,8,3,1
22018,1627832,0021800146,"NOV 05, 2018",TOR @ UTA,W,28,6,14,0.429,2,5,0.4,3,3,1.0,0,4,4,6,0,0,2,0,17,10,1
22018,1627832,0021800139,"NOV 04, 2018",TOR @ LAL,W,23,0,6,0.0,0,4,0.0,3,4,0.75,0,0,0,2,0,0,5,4,3,-10,1
22018,1627832,0021800123,"NOV 02, 2018",TOR @ PHX,W,20,3,7,0.429,2,4,0.5,0,0,0.0,0,3,3,6,2,1,2,2,8,7,1
22018,1627832,0021800041,"OCT 22, 2018",TOR vs. CHA,W,19,4,9,0.444,0,2,0.0,0,0,0.0,0,0,0,4,1,0,1,2,8,2,1
22018,1627832,0021800027,"OCT 20, 2018",TOR @ WAS,W,27,4,9,0.444,1,2,0.5,4,5,0.8,0,4,4,5,0,0,1,2,13,-6,1
22018,1627832,0021800019,"OCT 19, 2018",TOR vs. BOS,W,28,4,11,0.364,2,7,0.286,1,3,0.333,2,4,6,7,0,0,2,1,11,2,1
22018,1627832,0021800008,"OCT 17, 2018",TOR vs. CLE,W,25,6,14,0.429,1,5,0.2,1,3,0.333,0,2,2,5,0,0,1,4,14,-4,1
22017,1627832,0021701221,"APR 11, 2018",TOR @ MIA,L,19,2,6,0.333,1,2,0.5,2,3,0.667,0,1,1,3,0,0,2,1,7,-7,1
22017,1627832,0021701200,"APR 08, 2018",TOR vs. ORL,W,9,0,1,0.0,0,1,0.0,0,0,0.0,0,0,0,3,0,1,2,1,0,6,1
22017,1627832,0021701187,"APR 06, 2018",TOR vs. IND,W,14,1,5,0.2,0,3,0.0,0,0,0.0,1,1,2,3,1,0,1,2,2,-6,1
22017,1627832,0021701171,"APR 04, 2018",TOR vs. BOS,W,24,5,10,0.5,3,6,0.5,2,2,1.0,0,3,3,4,0,0,0,0,15,10,1
22017,1627832,0021701156,"APR 03, 2018",TOR @ CLE,L,23,3,10,0.3,3,5,0.6,0,0,0.0,0,2,2,6,1,0,0,2,9,-10,1
22017,1627832,0021701140,"MAR 31, 2018",TOR @ BOS,L,18,4,8,0.5,2,5,0.4,1,1,1.0,0,1,1,3,0,0,1,1,11,0,1
22017,1627832,0021701109,"MAR 27, 2018",TOR vs. DEN,W,25,5,7,0.714,3,4,0.75,2,3,0.667,0,1,1,4,1,0,0,1,15,-5,1
22017,1627832,0021701097,"MAR 25, 2018",TOR vs. LAC,L,22,6,9,0.667,4,6,0.667,0,0,0.0,0,0,0,2,0,0,1,3,16,-16,1
22017,1627832,0021701082,"MAR 23, 2018",TOR vs. BKN,W,32,6,12,0.5,4,7,0.571,0,2,0.0,1,5,6,1,1,1,0,3,16,10,1
22017,1627832,0021701065,"MAR 21, 2018",TOR @ CLE,L,29,6,13,0.462,4,9,0.444,0,0,0.0,0,1,1,5,3,0,0,2,16,0,1
22017,1627832,0021701031,"MAR 16, 2018",TOR vs. DAL,W,31,5,12,0.417,3,8,0.375,1,2,0.5,0,4,4,8,0,1,0,2,14,7,1
22017,1627832,0021701020,"MAR 15, 2018",TOR @ IND,W,18,1,4,0.25,0,1,0.0,0,0,0.0,2,1,3,2,0,0,1,2,2,-9,1
22017,1627832,0021701008,"MAR 13, 2018",TOR @ BKN,W,28,5,10,0.5,3,6,0.5,2,2,1.0,0,1,1,4,2,0,1,1,15,31,1
22017,1627832,0021700992,"MAR 11, 2018",TOR @ NYK,W,16,4,5,0.8,2,3,0.667,1,1,1.0,0,2,2,1,0,0,1,0,11,17,1
22017,1627832,0021700979,"MAR 09, 2018",TOR vs. HOU,W,23,5,13,0.385,1,4,0.25,0,0,0.0,0,2,2,5,1,1,2,2,11,0,1
22017,1627832,0021700966,"MAR 07, 2018",TOR @ DET,W,25,2,10,0.2,0,4,0.0,2,2,1.0,3,2,5,2,1,1,2,2,6,-14,1
22017,1627832,0021700958,"MAR 06, 2018",TOR vs. ATL,W,29,1,7,0.143,1,4,0.25,1,2,0.5,0,3,3,7,3,2,0,2,4,9,1
22017,1627832,0021700944,"MAR 04, 2018",TOR vs. CHA,W,24,3,8,0.375,1,4,0.25,5,6,0.833,0,3,3,3,0,0,4,2,12,-4,1
22017,1627832,0021700929,"MAR 02, 2018",TOR @ WAS,W,29,2,9,0.222,1,6,0.167,7,8,0.875,2,2,4,3,1,1,2,3,12,20,1
22017,1627832,0021700914,"FEB 28, 2018",TOR @ ORL,W,27,4,9,0.444,3,4,0.75,1,2,0.5,0,3,3,3,2,0,2,1,12,9,2
22017,1627832,0021700901,"FEB 26, 2018",TOR vs. DET,W,19,2,5,0.4,1,3,0.333,3,3,1.0,1,3,4,2,1,0,2,4,8,14,1
22017,1627832,0021700876,"FEB 23, 2018",TOR vs. MIL,L,26,2,7,0.286,0,3,0.0,2,2,1.0,0,2,2,2,2,1,2,1,6,-3,1
22017,1627832,0021700859,"FEB 14, 2018",TOR @ CHI,W,17,4,11,0.364,3,6,0.5,0,0,0.0,0,2,2,4,0,0,1,1,11,12,1
22017,1627832,0021700847,"FEB 13, 2018",TOR vs. MIA,W,23,4,8,0.5,2,3,0.667,0,0,0.0,0,5,5,6,2,0,0,1,10,4,1
22017,1627832,0021700833,"FEB 11, 2018",TOR @ CHA,W,17,4,6,0.667,2,3,0.667,0,0,0.0,0,3,3,4,1,0,1,1,10,26,1
22017,1627832,0021700812,"FEB 08, 2018",TOR vs. NYK,W,24,4,11,0.364,2,5,0.4,0,0,0.0,0,1,1,6,3,0,1,2,10,18,1
22017,1627832,0021700798,"FEB 06, 2018",TOR vs. BOS,W,31,3,5,0.6,2,3,0.667,2,2,1.0,0,3,3,8,1,0,1,2,10,17,1
22017,1627832,0021700787,"FEB 04, 2018",TOR vs. MEM,W,28,5,12,0.417,1,6,0.167,2,2,1.0,2,5,7,8,2,0,1,1,13,25,1
22017,1627832,0021700769,"FEB 02, 2018",TOR vs. POR,W,21,6,12,0.5,3,5,0.6,1,1,1.0,1,4,5,0,0,0,1,2,16,11,1
22017,1627832,0021700746,"JAN 30, 2018",TOR vs. MIN,W,21,4,7,0.571,1,3,0.333,1,1,1.0,0,2,2,2,0,0,1,2,10,6,1
22017,1627832,0021700735,"JAN 28, 2018",TOR vs. LAL,W,20,9,13,0.692,3,4,0.75,4,4,1.0,0,2,2,4,1,0,0,3,25,3,1
22017,1627832,0021700716,"JAN 26, 2018",TOR vs. UTA,L,18,1,6,0.167,1,3,0.333,0,0,0.0,0,2,2,2,0,0,0,2,3,0,1
22017,1627832,0021700705,"JAN 24, 2018",TOR @ ATL,W,18,6,9,0.667,4,6,0.667,3,3,1.0,1,6,7,5,2,3,0,2,19,13,1
22017,1627832,0021700680,"JAN 20, 2018",TOR @ MIN,L,14,2,2,1.0,1,1,1.0,3,4,0.75,1,1,2,1,1,0,1,2,8,-5,2
22017,1627832,0021700639,"JAN 15, 2018",TOR @ PHI,L,16,1,8,0.125,0,2,0.0,6,6,1.0,0,2,2,0,0,0,1,2,8,4,1
22017,1627832,0021700631,"JAN 13, 2018",TOR vs. GSW,L,21,5,9,0.556,3,6,0.5,0,0,0.0,0,5,5,4,1,0,2,4,13,-3,1
22017,1627832,0021700615,"JAN 11, 2018",TOR vs. CLE,W,24,8,11,0.727,6,8,0.75,0,0,0.0,0,4,4,4,1,0,0,2,22,28,1
22017,1627832,0021700599,"JAN 09, 2018",TOR vs. MIA,L,19,3,9,0.333,1,5,0.2,1,2,0.5,1,2,3,2,2,0,1,2,8,0,1
22017,1627832,0021700592,"JAN 08, 2018",TOR @ BKN,W,19,2,5,0.4,1,3,0.333,0,0,0.0,0,3,3,0,1,0,2,4,5,-3,1
22017,1627832,0021700571,"JAN 05, 2018",TOR @ MIL,W,19,4,10,0.4,1,3,0.333,1,1,1.0,0,1,1,3,0,0,1,1,10,-15,1
22017,1627832,0021700560,"JAN 03, 2018",TOR @ CHI,W,17,5,7,0.714,1,2,0.5,2,2,1.0,0,2,2,2,0,0,1,0,13,16,1
22017,1627832,0021700546,"JAN 01, 2018",TOR vs. MIL,W,22,4,7,0.571,2,3,0.667,1,2,0.5,0,2,2,2,1,0,1,1,11,-6,1
22017,1627832,0021700522,"DEC 29, 2017",TOR vs. ATL,W,18,2,9,0.222,1,2,0.5,1,2,0.5,0,1,1,3,1,0,3,2,6,15,1
22017,1627832,0021700512,"DEC 27, 2017",TOR @ OKC,L,18,1,2,0.5,0,0,0.0,0,0,0.0,2,3,5,4,0,0,0,3,2,3,1
22017,1627832,0021700499,"DEC 26, 2017",TOR @ DAL,L,20,2,6,0.333,2,5,0.4,0,0,0.0,1,4,5,2,2,0,1,1,6,-5,1
22017,1627832,0021700480,"DEC 23, 2017",TOR vs. PHI,W,19,0,5,0.0,0,2,0.0,0,0,0.0,0,4,4,2,1,1,0,1,0,16,1
22017,1627832,0021700467,"DEC 21, 2017",TOR @ PHI,W,14,0,3,0.0,0,2,0.0,2,2,1.0,0,1,1,2,1,0,1,2,2,-5,1
22017,1627832,0021700454,"DEC 20, 2017",TOR @ CHA,W,25,3,8,0.375,2,4,0.5,0,0,0.0,0,4,4,6,1,0,1,1,8,4,1
22017,1627832,0021700437,"DEC 17, 2017",TOR vs. SAC,W,22,3,4,0.75,1,1,1.0,0,0,0.0,1,6,7,4,0,0,1,1,7,10,1
22017,1627832,0021700424,"DEC 15, 2017",TOR vs. BKN,W,13,3,5,0.6,0,1,0.0,1,1,1.0,0,0,0,1,0,0,0,2,7,-10,2
22017,1627832,0021700411,"DEC 13, 2017",TOR @ PHX,W,24,2,8,0.25,1,3,0.333,0,0,0.0,0,0,0,3,2,0,2,5,5,-9,1
22017,1627832,0021700396,"DEC 11, 2017",TOR @ LAC,L,24,1,6,0.167,0,3,0.0,0,0,0.0,0,3,3,0,1,1,0,2,2,-7,1
22017,1627832,0021700385,"DEC 10, 2017",TOR @ SAC,W,21,2,5,0.4,0,2,0.0,0,0,0.0,1,1,2,2,1,0,1,1,4,6,1
22017,1627832,0021700371,"DEC 08, 2017",TOR @ MEM,W,22,4,8,0.5,3,6,0.5,1,2,0.5,0,1,1,3,1,1,2,4,12,-6,1
22017,1627832,0021700350,"DEC 05, 2017",TOR vs. PHX,W,21,4,10,0.4,1,5,0.2,4,4,1.0,0,0,0,6,0,0,2,1,13,0,1
22017,1627832,0021700319,"DEC 01, 2017",TOR vs. IND,W,24,5,9,0.556,1,1,1.0,0,0,0.0,0,4,4,6,1,0,0,2,11,9,1
22017,1627832,0021700307,"NOV 29, 2017",TOR vs. CHA,W,19,3,6,0.5,2,2,1.0,0,1,0.0,0,1,1,9,0,0,0,2,8,11,1
22017,1627832,0021700280,"NOV 25, 2017",TOR @ ATL,W,16,2,6,0.333,1,3,0.333,0,1,0.0,0,0,0,5,1,0,0,1,5,21,1
22017,1627832,0021700271,"NOV 24, 2017",TOR @ IND,L,29,6,10,0.6,2,5,0.4,2,3,0.667,0,5,5,4,4,0,0,2,16,18,1
22017,1627832,0021700258,"NOV 22, 2017",TOR @ NYK,L,19,3,8,0.375,1,4,0.25,0,0,0.0,0,1,1,2,1,0,1,1,7,4,2
22017,1627832,0021700237,"NOV 19, 2017",TOR vs. WAS,W,24,3,9,0.333,2,7,0.286,2,2,1.0,0,3,3,5,0,0,2,0,10,7,1
22017,1627832,0021700221,"NOV 17, 2017",TOR vs. NYK,W,17,3,6,0.5,1,1,1.0,0,0,0.0,1,3,4,2,0,0,3,3,7,5,2
22017,1627832,0021700211,"NOV 15, 2017",TOR @ NOP,W,22,4,6,0.667,2,2,1.0,0,0,0.0,0,1,1,3,1,0,0,2,10,11,1
22017,1627832,0021700202,"NOV 14, 2017",TOR @ HOU,W,16,2,6,0.333,2,4,0.5,2,2,1.0,1,2,3,4,2,0,1,3,8,7,1
22017,1627832,0021700188,"NOV 12, 2017",TOR @ BOS,L,16,1,3,0.333,0,1,0.0,2,2,1.0,0,2,2,2,1,0,2,1,4,2,1
22017,1627832,0021700165,"NOV 09, 2017",TOR vs. NOP,W,14,1,7,0.143,0,3,0.0,0,0,0.0,0,2,2,0,2,0,1,0,2,3,1
22017,1627832,0021700153,"NOV 07, 2017",TOR vs. CHI,W,10,0,1,0.0,0,0,0.0,2,2,1.0,0,1,1,3,0,0,0,1,2,0,1
22017,1627832,0021700139,"NOV 05, 2017",TOR vs. WAS,L,20,5,7,0.714,0,1,0.0,0,0,0.0,2,1,3,4,0,2,0,2,10,14,1
22017,1627832,0021700128,"NOV 03, 2017",TOR @ UTA,W,10,1,2,0.5,0,1,0.0,2,2,1.0,0,1,1,0,1,0,0,0,4,4,1
22017,1627832,0021700114,"NOV 01, 2017",TOR @ DEN,L,15,2,8,0.25,1,3,0.333,2,2,1.0,0,1,1,1,1,1,1,1,7,7,2
22017,1627832,0021700099,"OCT 30, 2017",TOR @ POR,W,9,1,3,0.333,0,0,0.0,0,0,0.0,0,1,1,1,0,0,0,1,2,6,2
22017,1627832,0021700076,"OCT 27, 2017",TOR @ LAL,W,13,1,5,0.2,0,1,0.0,0,0,0.0,0,0,0,4,1,0,2,3,2,-9,1
22017,1627832,0021700063,"OCT 25, 2017",TOR @ GSW,L,6,0,0,0.0,0,0,0.0,0,0,0.0,0,1,1,1,0,0,0,0,0,-1,1
22017,1627832,0021700046,"OCT 23, 2017",TOR @ SAS,L,11,2,5,0.4,1,2,0.5,2,2,1.0,0,0,0,0,1,0,0,0,7,-3,1
22017,1627832,0021700027,"OCT 21, 2017",TOR vs. PHI,W,17,1,6,0.167,1,4,0.25,0,0,0.0,0,0,0,4,0,0,2,3,3,4,1
22017,1627832,0021700014,"OCT 19, 2017",TOR vs. CHI,W,13,1,5,0.2,0,2,0.0,0,0,0.0,0,1,1,2,1,1,2,1,2,12,1
22016,1627832,0021601218,"APR 12, 2017",TOR @ CLE,W,21,2,7,0.286,0,1,0.0,1,2,0.5,0,4,4,6,0,0,0,3,5,9,1
22016,1627832,0021601196,"APR 09, 2017",TOR @ NYK,W,1,0,0,0.0,0,0,0.0,0,0,0.0,0,0,0,1,0,0,0,0,0,0,1
22016,1627832,0021601157,"APR 04, 2017",TOR @ IND,L,0,0,0,0.0,0,0,0.0,0,0,0.0,0,0,0,0,0,0,0,0,0,0,1
22016,1627832,0021601147,"APR 02, 2017",TOR vs. PHI,W,12,3,6,0.5,1,2,0.5,0,0,0.0,0,1,1,0,1,0,1,2,7,-2,1
22016,1627832,0021601097,"MAR 27, 2017",TOR vs. ORL,W,2,0,0,0.0,0,0,0.0,1,2,0.5,0,1,1,0,0,0,0,0,1,1,1
22016,1627832,0021601068,"MAR 23, 2017",TOR @ MIA,W,5,0,2,0.0,0,1,0.0,0,0,0.0,0,0,0,0,0,0,0,0,0,6,1
22016,1627832,0021601051,"MAR 21, 2017",TOR vs. CHI,W,20,2,3,0.667,0,1,0.0,2,2,1.0,0,3,3,1,2,0,2,2,6,16,1
22016,1627832,0021601040,"MAR 19, 2017",TOR vs. IND,W,3,0,0,0.0,0,0,0.0,0,0,0.0,0,0,0,0,0,0,0,0,0,2,1
22016,1627832,0021601023,"MAR 17, 2017",TOR @ DET,W,6,0,2,0.0,0,0,0.0,0,0,0.0,0,1,1,2,0,0,1,1,0,-5,1
22016,1627832,0021601015,"MAR 16, 2017",TOR vs. OKC,L,12,2,4,0.5,1,1,1.0,0,0,0.0,0,1,1,2,2,1,1,0,5,6,1
22016,1627832,0021600992,"MAR 13, 2017",TOR vs. DAL,W,22,2,6,0.333,1,1,1.0,0,0,0.0,0,2,2,2,1,0,2,4,5,9,1
22016,1627832,0021600979,"MAR 11, 2017",TOR @ MIA,L,20,1,10,0.1,0,3,0.0,3,3,1.0,1,3,4,1,0,0,2,2,5,1,1
22016,1627832,0021600953,"MAR 08, 2017",TOR @ NOP,W,4,1,2,0.5,0,0,0.0,0,0,0.0,0,1,1,0,0,0,0,1,2,-4,1
22016,1627832,0021600920,"MAR 04, 2017",TOR @ MIL,L,8,2,3,0.667,0,0,0.0,2,2,1.0,0,2,2,2,1,0,1,1,6,5,1
22016,1627832,0021600896,"MAR 01, 2017",TOR vs. WAS,L,5,1,3,0.333,1,1,1.0,0,0,0.0,0,0,0,0,0,0,1,2,3,-8,1
22016,1627832,0021600882,"FEB 27, 2017",TOR @ NYK,W,8,1,2,0.5,0,0,0.0,0,0,0.0,0,3,3,0,0,0,0,0,2,6,1
22016,1627832,0021600765,"FEB 05, 2017",TOR @ BKN,W,20,2,10,0.2,0,3,0.0,6,6,1.0,0,3,3,4,0,0,1,1,10,-4,1
22016,1627832,0021600746,"FEB 03, 2017",TOR @ ORL,L,23,5,12,0.417,2,4,0.5,3,3,1.0,1,2,3,3,1,0,2,2,15,6,1
22016,1627832,0021600725,"JAN 31, 2017",TOR vs. NOP,W,0,0,0,0.0,0,0,0.0,0,0,0.0,0,0,0,0,0,0,0,0,0,0,1
22016,1627832,0021600715,"JAN 29, 2017",TOR vs. ORL,L,3,0,0,0.0,0,0,0.0,0,0,0.0,0,0,0,0,0,0,0,1,0,-3,1
22016,1627832,0021600698,"JAN 27, 2017",TOR vs. MIL,W,6,1,2,0.5,1,1,1.0,0,0,0.0,1,0,1,1,1,0,0,4,3,7,1
22016,1627832,0021600685,"JAN 25, 2017",TOR @ MEM,L,4,0,1,0.0,0,0,0.0,0,0,0.0,0,1,1,0,0,1,0,1,0,-4,1
22016,1627832,0021600674,"JAN 24, 2017",TOR vs. SAS,L,0,0,0,0.0,0,0,0.0,0,0,0.0,0,0,0,0,0,0,0,0,0,0,1
22016,1627832,0021600642,"JAN 20, 2017",TOR @ CHA,L,5,1,6,0.167,0,2,0.0,0,0,0.0,1,1,2,0,0,0,0,0,2,-3,1
22016,1627832,0021600627,"JAN 18, 2017",TOR @ PHI,L,6,1,2,0.5,0,0,0.0,0,0,0.0,0,2,2,1,0,0,0,1,2,-2,1
22016,1627832,0021600622,"JAN 17, 2017",TOR @ BKN,W,25,4,6,0.667,2,3,0.667,0,2,0.0,0,4,4,2,2,0,0,4,10,4,1
22016,1627832,0021600606,"JAN 15, 2017",TOR vs. NYK,W,5,0,3,0.0,0,1,0.0,0,0,0.0,0,0,0,0,0,0,0,0,0,-8,1
22016,1627832,0021600592,"JAN 13, 2017",TOR vs. BKN,W,3,2,4,0.5,1,1,1.0,0,0,0.0,0,0,0,0,0,0,0,0,5,-3,1
22016,1627832,0021600525,"JAN 03, 2017",TOR @ SAS,L,5,1,2,0.5,0,0,0.0,0,0,0.0,0,0,0,0,1,0,0,0,2,-4,1
22016,1627832,0021600420,"DEC 20, 2016",TOR vs. BKN,W,2,0,2,0.0,0,0,0.0,0,0,0.0,0,0,0,0,0,0,0,0,0,-3,1
22016,1627832,0021600409,"DEC 18, 2016",TOR @ ORL,W,23,2,5,0.4,0,1,0.0,0,0,0.0,0,2,2,4,3,0,0,3,4,19,1
22016,1627832,0021600362,"DEC 12, 2016",TOR vs. MIL,W,2,0,1,0.0,0,0,0.0,0,0,0.0,0,0,0,1,0,0,0,0,0,3,1
22016,1627832,0021600293,"DEC 03, 2016",TOR vs. ATL,W,4,2,2,1.0,1,1,1.0,0,0,0.0,0,1,1,2,0,0,0,0,5,6,1
22016,1627832,0021600284,"DEC 02, 2016",TOR vs. LAL,W,4,1,2,0.5,0,1,0.0,0,0,0.0,0,0,0,0,1,0,1,1,2,6,1
22016,1627832,0021600268,"NOV 30, 2016",TOR vs. MEM,W,1,0,0,0.0,0,0,0.0,0,0,0.0,0,0,0,0,0,1,0,0,0,4,1
22016,1627832,0021600254,"NOV 28, 2016",TOR vs. PHI,W,4,0,1,0.0,0,0,0.0,0,0,0.0,0,0,0,0,0,0,0,0,0,0,1
22016,1627832,0021600112,"NOV 09, 2016",TOR @ OKC,W,0,0,0,0.0,0,0,0.0,0,0,0.0,0,0,0,0,0,0,0,0,0,0,1
